<?xml version="1.0" encoding="UTF-8"?>
<jcr:root xmlns:sling="http://sling.apache.org/jcr/sling/1.0" xmlns:cq="http://www.day.com/jcr/cq/1.0" xmlns:jcr="http://www.jcp.org/jcr/1.0" xmlns:nt="http://www.jcp.org/jcr/nt/1.0"
    jcr:primaryType="cq:Page">
    <wcm jcr:primaryType="nt:unstructured">
        <foundation jcr:primaryType="nt:unstructured">
            <components jcr:primaryType="nt:unstructured">
                <page jcr:primaryType="nt:unstructured">
                    <jcr:content
                        jcr:primaryType="nt:unstructured"
                        mergeList="{Boolean}true"/>
                    <default
                        jcr:description="Policy of the default page"
                        jcr:primaryType="nt:unstructured"
                        jcr:title="Default Page"
                        sling:resourceType="wcm/core/components/policy/policy"
                        clientlibs="[wcm.foundation.components.page.responsive]">
                        <jcr:content
                            jcr:primaryType="nt:unstructured"
                            mergeList="{Boolean}true"/>
                    </default>
                </page>
                <responsivegrid jcr:primaryType="nt:unstructured">
                    <jcr:content
                        jcr:primaryType="nt:unstructured"
                        mergeList="{Boolean}true"/>
                    <default
                        jcr:description="Policy of the default root parsys"
                        jcr:lastModified="{Date}2020-04-21T22:53:34.238+05:30"
                        jcr:lastModifiedBy="admin"
                        jcr:primaryType="nt:unstructured"
                        jcr:title="Default Layout Container"
                        sling:resourceType="wcm/core/components/policy/policy"
                        components="[group:General]">
                        <cq:authoring jcr:primaryType="nt:unstructured">
                            <assetToComponentMapping jcr:primaryType="nt:unstructured">
                                <image
                                    jcr:primaryType="nt:unstructured"
                                    assetGroup="media"
                                    assetMimetype="image/*"
                                    droptarget="image"
                                    resourceType="wcm/foundation/components/image"
                                    type="Images"/>
                                <product
                                    jcr:primaryType="nt:unstructured"
                                    assetGroup="product"
                                    droptarget="product-data-reference"
                                    resourceType="commerce/components/product"
                                    type="Products"/>
                                <document
                                    jcr:primaryType="nt:unstructured"
                                    assetGroup="media"
                                    assetMimetype="[application/vnd.openxmlformats,application/msword,application/vnd.ms-powerpoint,application/mspowerpoint,application/powerpoint,application/x-mspowerpoint,application/x-msexcel,application/x-excel,application/excel,application/vnd.ms-excel,application/pdf,application/vnd.openxmlformats-officedocument.wordprocessingml.document]"
                                    droptarget="file"
                                    resourceType="foundation/components/download"
                                    type="Images"/>
                                <video
                                    jcr:primaryType="nt:unstructured"
                                    assetGroup="media"
                                    assetMimetype="video/*"
                                    droptarget="video"
                                    resourceType="foundation/components/video"
                                    type="Images"/>
                                <fragment
                                    jcr:primaryType="nt:unstructured"
                                    assetGroup="media"
                                    assetMimetype="text/html"
                                    droptarget="fragment"
                                    resourceType="dam/cfm/components/contentfragment"
                                    type="Content Fragment"/>
                                <experiencefragment
                                    jcr:primaryType="nt:unstructured"
                                    assetGroup="content"
                                    assetMimetype="text/html"
                                    droptarget="experiencefragment"
                                    resourceType="cq/experience-fragments/editor/components/experiencefragment"
                                    type="experiencefragment"/>
                            </assetToComponentMapping>
                        </cq:authoring>
                        <jcr:content
                            jcr:primaryType="nt:unstructured"
                            mergeList="{Boolean}true"/>
                    </default>
                    <policy_555907112814500
                        jcr:lastModified="{Date}2020-04-25T13:07:31.175+05:30"
                        jcr:lastModifiedBy="admin"
                        jcr:primaryType="nt:unstructured"
                        jcr:title="GeneralPolicy"
                        sling:resourceType="wcm/core/components/policy/policy"
                        components="group:General">
                        <jcr:content jcr:primaryType="nt:unstructured"/>
                        <section jcr:primaryType="nt:unstructured"/>
                    </policy_555907112814500>
                    <policy_557656675177900
                        jcr:lastModified="{Date}2020-04-25T13:09:39.715+05:30"
                        jcr:lastModifiedBy="admin"
                        jcr:primaryType="nt:unstructured"
                        jcr:title="LayoutPolicy"
                        sling:resourceType="wcm/core/components/policy/policy"
                        components="group:General">
                        <jcr:content jcr:primaryType="nt:unstructured"/>
                    </policy_557656675177900>
                    <policy_153322270280600
                        jcr:lastModified="{Date}2020-05-11T09:18:03.219+05:30"
                        jcr:lastModifiedBy="admin"
                        jcr:primaryType="nt:unstructured"
                        jcr:title="Test Policy"
                        sling:resourceType="wcm/core/components/policy/policy"
                        components="group:KinjalTestGroup">
                        <jcr:content jcr:primaryType="nt:unstructured"/>
                    </policy_153322270280600>
                </responsivegrid>
                <image jcr:primaryType="nt:unstructured">
                    <policy_1587480329853
                        jcr:lastModified="{Date}2020-04-24T21:14:31.476+05:30"
                        jcr:lastModifiedBy="admin"
                        jcr:primaryType="nt:unstructured"
                        jcr:title="KinjalTemplatePolicy"
                        sling:resourceType="wcm/core/components/policy/policy"
                        allowUpload="true"
                        maxHeight="100"
                        maxWidth="100"
                        minHeight="100"
                        minWidth="100">
                        <jcr:content jcr:primaryType="nt:unstructured"/>
                        <plugins jcr:primaryType="nt:unstructured">
                            <crop
                                jcr:primaryType="nt:unstructured"
                                features="*">
                                <aspectRatios
                                    jcr:primaryType="nt:unstructured"
                                    override="true">
                                    <item0
                                        jcr:primaryType="nt:unstructured"
                                        name="Wide Landscape"
                                        ratio="0.8284"/>
                                    <item1
                                        jcr:primaryType="nt:unstructured"
                                        name="Landscape"
                                        ratio="0.6180"/>
                                    <item2
                                        jcr:primaryType="nt:unstructured"
                                        name="Square"
                                        ratio="1"/>
                                    <item3
                                        jcr:primaryType="nt:unstructured"
                                        name="Portrait"
                                        ratio="1.6180"/>
                                </aspectRatios>
                            </crop>
                            <rotate
                                jcr:primaryType="nt:unstructured"
                                features="right"/>
                            <flip
                                jcr:primaryType="nt:unstructured"
                                features="-"/>
                            <map
                                jcr:primaryType="nt:unstructured"
                                features="rectangle,launch,unlaunch,confirm,circle,polygon"/>
                        </plugins>
                    </policy_1587480329853>
                </image>
            </components>
        </foundation>
    </wcm>
    <foundation jcr:primaryType="nt:unstructured">
        <components jcr:primaryType="nt:unstructured">
            <image jcr:primaryType="nt:unstructured">
                <policy_1587788199721
                    jcr:lastModified="{Date}2020-04-25T13:38:29.993+05:30"
                    jcr:lastModifiedBy="admin"
                    jcr:primaryType="nt:unstructured"
                    jcr:title="Image Policy"
                    sling:resourceType="wcm/core/components/policy/policy"
                    allowUpload="true"
                    maxHeight="200"
                    maxWidth="200"
                    minHeight="100"
                    minWidth="100">
                    <jcr:content jcr:primaryType="nt:unstructured"/>
                    <plugins jcr:primaryType="nt:unstructured">
                        <crop
                            jcr:primaryType="nt:unstructured"
                            features="*">
                            <aspectRatios
                                jcr:primaryType="nt:unstructured"
                                override="true">
                                <item0
                                    jcr:primaryType="nt:unstructured"
                                    name="Wide Landscape"
                                    ratio="0.8284"/>
                                <item1
                                    jcr:primaryType="nt:unstructured"
                                    name="Landscape"
                                    ratio="0.6180"/>
                                <item2
                                    jcr:primaryType="nt:unstructured"
                                    name="Square"
                                    ratio="1"/>
                                <item3
                                    jcr:primaryType="nt:unstructured"
                                    name="Portrait"
                                    ratio="1.6180"/>
                            </aspectRatios>
                        </crop>
                        <rotate
                            jcr:primaryType="nt:unstructured"
                            features="right"/>
                        <flip
                            jcr:primaryType="nt:unstructured"
                            features="-"/>
                        <map
                            jcr:primaryType="nt:unstructured"
                            features="rectangle,launch,unlaunch,confirm,circle,polygon"/>
                    </plugins>
                </policy_1587788199721>
            </image>
        </components>
    </foundation>
</jcr:root>
