<?xml version="1.0" encoding="UTF-8"?>
<jcr:root xmlns:sling="http://sling.apache.org/jcr/sling/1.0" xmlns:granite="http://www.adobe.com/jcr/granite/1.0" xmlns:cq="http://www.day.com/jcr/cq/1.0" xmlns:jcr="http://www.jcp.org/jcr/1.0" xmlns:nt="http://www.jcp.org/jcr/nt/1.0"
    jcr:primaryType="nt:unstructured"
    jcr:title="Demo2 Component"
    sling:resourceType="cq/gui/components/authoring/dialog">
    <content
        jcr:primaryType="nt:unstructured"
        sling:resourceType="granite/ui/components/coral/foundation/container">
        <items jcr:primaryType="nt:unstructured">
            <tabs
                jcr:primaryType="nt:unstructured"
                sling:resourceType="granite/ui/components/coral/foundation/tabs">
                <items jcr:primaryType="nt:unstructured">
                    <Basic
                        jcr:primaryType="nt:unstructured"
                        jcr:title="Demo Content"
                        sling:resourceType="granite/ui/components/coral/foundation/container">
                        <items jcr:primaryType="nt:unstructured">
                            <well
                                jcr:primaryType="nt:unstructured"
                                sling:resourceType="granite/ui/components/coral/foundation/well">
                                <items jcr:primaryType="nt:unstructured">
                                    <pages
                                        granite:class="foundation-layout-util-maximized-alt coral-Form-fieldwrapper"
                                        jcr:primaryType="nt:unstructured"
                                        sling:resourceType="granite/ui/components/coral/foundation/container">
                                        <items jcr:primaryType="nt:unstructured">
                                            <multi
                                                granite:class=""
                                                jcr:primaryType="nt:unstructured"
                                                sling:resourceType="granite/ui/components/coral/foundation/form/multifield"
                                                composite="{Boolean}true">
                                                <field
                                                    jcr:primaryType="nt:unstructured"
                                                    sling:resourceType="granite/ui/components/coral/foundation/container"
                                                    name="./multi">
                                                    <items jcr:primaryType="nt:unstructured">
                                                        <container
                                                            jcr:primaryType="nt:unstructured"
                                                            sling:resourceType="granite/ui/components/coral/foundation/container">
                                                            <items jcr:primaryType="nt:unstructured">
                                                                <Title
                                                                    granite:class="cmp-teaser__editor-actionField"
                                                                    jcr:primaryType="nt:unstructured"
                                                                    sling:resourceType="granite/ui/components/coral/foundation/form/textfield"
                                                                    emptyText="Text"
                                                                    fieldDescription="Add Title"
                                                                    fieldLabel="Title"
                                                                    name="./Title"
                                                                    required="{Boolean}true"/>
                                                                <Subtitle
                                                                    granite:class="cmp-teaser__editor-actionField"
                                                                    jcr:primaryType="nt:unstructured"
                                                                    sling:resourceType="granite/ui/components/coral/foundation/form/textfield"
                                                                    emptyText="Text"
                                                                    fieldDescription="Add Subtitle"
                                                                    fieldLabel="Subtitle"
                                                                    name="./Subtitle"
                                                                    required="{Boolean}true"/>
                                                            </items>
                                                        </container>
                                                    </items>
                                                </field>
                                            </multi>
                                        </items>
                                    </pages>
                                </items>
                            </well>
                        </items>
                    </Basic>
                </items>
            </tabs>
        </items>
    </content>
</jcr:root>
